CREATE DATABASE  IF NOT EXISTS `kiosco_db` /*!40100 DEFAULT CHARACTER SET utf8mb4 COLLATE utf8mb4_0900_ai_ci */ /*!80016 DEFAULT ENCRYPTION='N' */;
USE `kiosco_db`;
-- MySQL dump 10.13  Distrib 8.0.42, for Win64 (x86_64)
--
-- Host: localhost    Database: kiosco_db
-- ------------------------------------------------------
-- Server version	8.0.42

/*!40101 SET @OLD_CHARACTER_SET_CLIENT=@@CHARACTER_SET_CLIENT */;
/*!40101 SET @OLD_CHARACTER_SET_RESULTS=@@CHARACTER_SET_RESULTS */;
/*!40101 SET @OLD_COLLATION_CONNECTION=@@COLLATION_CONNECTION */;
/*!50503 SET NAMES utf8 */;
/*!40103 SET @OLD_TIME_ZONE=@@TIME_ZONE */;
/*!40103 SET TIME_ZONE='+00:00' */;
/*!40014 SET @OLD_UNIQUE_CHECKS=@@UNIQUE_CHECKS, UNIQUE_CHECKS=0 */;
/*!40014 SET @OLD_FOREIGN_KEY_CHECKS=@@FOREIGN_KEY_CHECKS, FOREIGN_KEY_CHECKS=0 */;
/*!40101 SET @OLD_SQL_MODE=@@SQL_MODE, SQL_MODE='NO_AUTO_VALUE_ON_ZERO' */;
/*!40111 SET @OLD_SQL_NOTES=@@SQL_NOTES, SQL_NOTES=0 */;

--
-- Table structure for table `categorias`
--

DROP TABLE IF EXISTS `categorias`;
/*!40101 SET @saved_cs_client     = @@character_set_client */;
/*!50503 SET character_set_client = utf8mb4 */;
CREATE TABLE `categorias` (
  `id_categoria` int NOT NULL AUTO_INCREMENT,
  `nombre_categoria` varchar(50) NOT NULL,
  `descripcion` varchar(255) DEFAULT NULL,
  PRIMARY KEY (`id_categoria`)
) ENGINE=InnoDB AUTO_INCREMENT=3 DEFAULT CHARSET=utf8mb4 COLLATE=utf8mb4_0900_ai_ci;
/*!40101 SET character_set_client = @saved_cs_client */;

--
-- Dumping data for table `categorias`
--

LOCK TABLES `categorias` WRITE;
/*!40000 ALTER TABLE `categorias` DISABLE KEYS */;
INSERT INTO `categorias` VALUES (1,'Gaseosas',NULL),(2,'Golosinas',NULL);
/*!40000 ALTER TABLE `categorias` ENABLE KEYS */;
UNLOCK TABLES;

--
-- Table structure for table `detalle_ventas`
--

DROP TABLE IF EXISTS `detalle_ventas`;
/*!40101 SET @saved_cs_client     = @@character_set_client */;
/*!50503 SET character_set_client = utf8mb4 */;
CREATE TABLE `detalle_ventas` (
  `id_detalle` int NOT NULL AUTO_INCREMENT,
  `id_venta` int DEFAULT NULL,
  `id_producto` int DEFAULT NULL,
  `cantidad` decimal(10,3) NOT NULL,
  `precio_unitario` decimal(12,2) NOT NULL,
  `subtotal` decimal(12,2) NOT NULL,
  PRIMARY KEY (`id_detalle`),
  KEY `id_venta` (`id_venta`),
  KEY `id_producto` (`id_producto`),
  CONSTRAINT `detalle_ventas_ibfk_1` FOREIGN KEY (`id_venta`) REFERENCES `ventas` (`id_venta`) ON DELETE CASCADE,
  CONSTRAINT `detalle_ventas_ibfk_2` FOREIGN KEY (`id_producto`) REFERENCES `productos` (`id_producto`)
) ENGINE=InnoDB AUTO_INCREMENT=5 DEFAULT CHARSET=utf8mb4 COLLATE=utf8mb4_0900_ai_ci;
/*!40101 SET character_set_client = @saved_cs_client */;

--
-- Dumping data for table `detalle_ventas`
--

LOCK TABLES `detalle_ventas` WRITE;
/*!40000 ALTER TABLE `detalle_ventas` DISABLE KEYS */;
INSERT INTO `detalle_ventas` VALUES (1,1,1,1.000,3000.00,3000.00),(2,1,2,1.000,2500.00,2500.00),(3,2,1,1.000,3000.00,3000.00),(4,2,2,1.000,2500.00,2500.00);
/*!40000 ALTER TABLE `detalle_ventas` ENABLE KEYS */;
UNLOCK TABLES;

--
-- Table structure for table `productos`
--

DROP TABLE IF EXISTS `productos`;
/*!40101 SET @saved_cs_client     = @@character_set_client */;
/*!50503 SET character_set_client = utf8mb4 */;
CREATE TABLE `productos` (
  `id_producto` int NOT NULL AUTO_INCREMENT,
  `codigo_barras` varchar(50) DEFAULT NULL,
  `nombre` varchar(100) NOT NULL,
  `id_categoria` int DEFAULT NULL,
  `precio_costo` decimal(12,2) NOT NULL,
  `precio_venta` decimal(12,2) NOT NULL,
  `stock` decimal(10,3) NOT NULL DEFAULT '0.000',
  `stock_minimo` decimal(10,3) DEFAULT '1.000',
  `activo` tinyint NOT NULL DEFAULT '1',
  PRIMARY KEY (`id_producto`),
  UNIQUE KEY `codigo_barras` (`codigo_barras`),
  KEY `id_categoria` (`id_categoria`),
  CONSTRAINT `productos_ibfk_1` FOREIGN KEY (`id_categoria`) REFERENCES `categorias` (`id_categoria`)
) ENGINE=InnoDB AUTO_INCREMENT=5 DEFAULT CHARSET=utf8mb4 COLLATE=utf8mb4_0900_ai_ci;
/*!40101 SET character_set_client = @saved_cs_client */;

--
-- Dumping data for table `productos`
--

LOCK TABLES `productos` WRITE;
/*!40000 ALTER TABLE `productos` DISABLE KEYS */;
INSERT INTO `productos` VALUES (1,'123456','Coca-Cola',1,2000.00,3000.00,48.000,10.000,1),(2,'1234567','Fanta',1,1700.00,2500.00,48.000,10.000,1),(4,'779123456','Alfajor Guaymallen de Oro',2,350.00,600.00,24.000,5.000,0);
/*!40000 ALTER TABLE `productos` ENABLE KEYS */;
UNLOCK TABLES;

--
-- Table structure for table `sesiones_caja`
--

DROP TABLE IF EXISTS `sesiones_caja`;
/*!40101 SET @saved_cs_client     = @@character_set_client */;
/*!50503 SET character_set_client = utf8mb4 */;
CREATE TABLE `sesiones_caja` (
  `id_sesion` int NOT NULL AUTO_INCREMENT,
  `id_usuario` int DEFAULT NULL,
  `fecha_apertura` datetime DEFAULT CURRENT_TIMESTAMP,
  `fecha_cierre` datetime DEFAULT NULL,
  `monto_inicial` decimal(10,2) NOT NULL,
  `monto_final_efectivo` decimal(10,2) DEFAULT NULL,
  `monto_ventas_efectivo` decimal(10,2) DEFAULT '0.00',
  `monto_ventas_digital` decimal(10,2) DEFAULT '0.00',
  `estado` enum('abierta','cerrada') DEFAULT 'abierta',
  PRIMARY KEY (`id_sesion`),
  KEY `id_usuario` (`id_usuario`),
  CONSTRAINT `sesiones_caja_ibfk_1` FOREIGN KEY (`id_usuario`) REFERENCES `usuarios` (`id_usuario`)
) ENGINE=InnoDB DEFAULT CHARSET=utf8mb4 COLLATE=utf8mb4_0900_ai_ci;
/*!40101 SET character_set_client = @saved_cs_client */;

--
-- Dumping data for table `sesiones_caja`
--

LOCK TABLES `sesiones_caja` WRITE;
/*!40000 ALTER TABLE `sesiones_caja` DISABLE KEYS */;
/*!40000 ALTER TABLE `sesiones_caja` ENABLE KEYS */;
UNLOCK TABLES;

--
-- Table structure for table `usuarios`
--

DROP TABLE IF EXISTS `usuarios`;
/*!40101 SET @saved_cs_client     = @@character_set_client */;
/*!50503 SET character_set_client = utf8mb4 */;
CREATE TABLE `usuarios` (
  `id_usuario` int NOT NULL AUTO_INCREMENT,
  `nombre_completo` varchar(100) NOT NULL,
  `usuario` varchar(50) NOT NULL,
  `password` varchar(255) NOT NULL,
  `rol` enum('administrador','vendedor') DEFAULT 'vendedor',
  `estado` tinyint(1) DEFAULT '1',
  `fecha_creacion` timestamp NULL DEFAULT CURRENT_TIMESTAMP,
  PRIMARY KEY (`id_usuario`),
  UNIQUE KEY `usuario` (`usuario`)
) ENGINE=InnoDB AUTO_INCREMENT=2 DEFAULT CHARSET=utf8mb4 COLLATE=utf8mb4_0900_ai_ci;
/*!40101 SET character_set_client = @saved_cs_client */;

--
-- Dumping data for table `usuarios`
--

LOCK TABLES `usuarios` WRITE;
/*!40000 ALTER TABLE `usuarios` DISABLE KEYS */;
INSERT INTO `usuarios` VALUES (1,'admin','admin','1234','administrador',1,'2026-04-06 17:13:42');
/*!40000 ALTER TABLE `usuarios` ENABLE KEYS */;
UNLOCK TABLES;

--
-- Table structure for table `ventas`
--

DROP TABLE IF EXISTS `ventas`;
/*!40101 SET @saved_cs_client     = @@character_set_client */;
/*!50503 SET character_set_client = utf8mb4 */;
CREATE TABLE `ventas` (
  `id_venta` int NOT NULL AUTO_INCREMENT,
  `fecha_hora` timestamp NULL DEFAULT CURRENT_TIMESTAMP,
  `id_usuario` int DEFAULT NULL,
  `id_sesion` int DEFAULT NULL,
  `total_venta` decimal(12,2) NOT NULL,
  `metodo_pago` enum('efectivo','transferencia') DEFAULT 'efectivo',
  `monto_pagado` decimal(12,2) DEFAULT NULL,
  PRIMARY KEY (`id_venta`),
  KEY `id_usuario` (`id_usuario`),
  KEY `fk_ventas_sesion` (`id_sesion`),
  CONSTRAINT `fk_ventas_sesion` FOREIGN KEY (`id_sesion`) REFERENCES `sesiones_caja` (`id_sesion`),
  CONSTRAINT `ventas_ibfk_1` FOREIGN KEY (`id_usuario`) REFERENCES `usuarios` (`id_usuario`)
) ENGINE=InnoDB AUTO_INCREMENT=3 DEFAULT CHARSET=utf8mb4 COLLATE=utf8mb4_0900_ai_ci;
/*!40101 SET character_set_client = @saved_cs_client */;

--
-- Dumping data for table `ventas`
--

LOCK TABLES `ventas` WRITE;
/*!40000 ALTER TABLE `ventas` DISABLE KEYS */;
INSERT INTO `ventas` VALUES (1,'2026-04-06 17:13:55',1,NULL,5500.00,'efectivo',NULL),(2,'2026-04-06 17:25:57',1,NULL,5500.00,'efectivo',NULL);
/*!40000 ALTER TABLE `ventas` ENABLE KEYS */;
UNLOCK TABLES;
/*!40103 SET TIME_ZONE=@OLD_TIME_ZONE */;

/*!40101 SET SQL_MODE=@OLD_SQL_MODE */;
/*!40014 SET FOREIGN_KEY_CHECKS=@OLD_FOREIGN_KEY_CHECKS */;
/*!40014 SET UNIQUE_CHECKS=@OLD_UNIQUE_CHECKS */;
/*!40101 SET CHARACTER_SET_CLIENT=@OLD_CHARACTER_SET_CLIENT */;
/*!40101 SET CHARACTER_SET_RESULTS=@OLD_CHARACTER_SET_RESULTS */;
/*!40101 SET COLLATION_CONNECTION=@OLD_COLLATION_CONNECTION */;
/*!40111 SET SQL_NOTES=@OLD_SQL_NOTES */;

-- Dump completed on 2026-04-07 17:58:02
